Количество пользователей (VUS),Среднее время (ms),Максимальное время (ms),Минимальное время (ms),Процент ошибок (%)
1,5097.6026249999995,7017.1982,3696.3106,0
2,5996.893916666667,13447.637,3294.9122,0
4,13599.687410000002,31001.7691,6409.2366,0
8,26108.468773333338,49891.0929,727.8275,13.333333333333334
12,36854.17876,59985.031,993.0031,33.33333333333333
24,59481.6147375,59979.8468,49075.2191,91.66666666666666
32,59984.902478125,59991.3468,59980.207,100
