{
  "metrics": {
    "http_req_waiting": {
      "type": "trend",
      "contains": "time",
      "values": {
        "p(90)": 41596.77242,
        "p(95)": 44501.19436999999,
        "avg": 26108.04412,
        "min": 727.8275,
        "med": 27406.2962,
        "max": 49890.5412
      }
    },
    "http_req_receiving": {
      "type": "trend",
      "contains": "time",
      "values": {
        "avg": 0.4246533333333333,
        "min": 0,
        "med": 0.4168,
        "max": 1.0029,
        "p(90)": 0.87498,
        "p(95)": 0.9373799999999999
      }
    },
    "http_reqs": {
      "type": "counter",
      "contains": "default",
      "values": {
        "count": 15,
        "rate": 0.16665703463076292
      }
    },
    "http_req_duration{expected_response:true}": {
      "type": "trend",
      "contains": "time",
      "values": {
        "min": 5625.8942,
        "med": 30373.5078,
        "max": 49891.0929,
        "p(90)": 41894.54872,
        "p(95)": 45271.57823999999,
        "avg": 29838.01833076923
      }
    },
    "http_req_sending": {
      "type": "trend",
      "contains": "time",
      "values": {
        "p(95)": 0,
        "avg": 0,
        "min": 0,
        "med": 0,
        "max": 0,
        "p(90)": 0
      }
    },
    "checks": {
      "type": "rate",
      "contains": "default",
      "values": {
        "fails": 2,
        "rate": 0.8666666666666667,
        "passes": 13
      }
    },
    "iteration_duration": {
      "type": "trend",
      "contains": "time",
      "values": {
        "avg": 39367.34632307692,
        "min": 15742.0716,
        "med": 42106.1264,
        "max": 64932.0412,
        "p(90)": 55060.86686000001,
        "p(95)": 59416.51449999999
      }
    },
    "http_req_blocked": {
      "type": "trend",
      "contains": "time",
      "values": {
        "avg": 20.06408666666666,
        "min": 0,
        "med": 23.036,
        "max": 24.6474,
        "p(90)": 24.0973,
        "p(95)": 24.474149999999998
      }
    },
    "http_req_failed": {
      "type": "rate",
      "contains": "default",
      "values": {
        "rate": 0.13333333333333333,
        "passes": 2,
        "fails": 13
      }
    },
    "http_req_duration": {
      "type": "trend",
      "contains": "time",
      "values": {
        "med": 27406.8853,
        "max": 49891.0929,
        "p(90)": 41597.19564,
        "p(95)": 44501.65912999999,
        "avg": 26108.468773333338,
        "min": 727.8275
      }
    },
    "data_sent": {
      "type": "counter",
      "contains": "data",
      "values": {
        "count": 3304,
        "rate": 36.70898949466938
      }
    },
    "iterations": {
      "type": "counter",
      "contains": "default",
      "values": {
        "count": 13,
        "rate": 0.14443609667999455
      }
    },
    "vus": {
      "type": "gauge",
      "contains": "default",
      "values": {
        "max": 8,
        "value": 3,
        "min": 3
      }
    },
    "http_req_connecting": {
      "contains": "time",
      "values": {
        "min": 0,
        "med": 23.036,
        "max": 24.3999,
        "p(90)": 23.9284,
        "p(95)": 24.20285,
        "avg": 19.923019999999998
      },
      "type": "trend"
    },
    "http_req_tls_handshaking": {
      "type": "trend",
      "contains": "time",
      "values": {
        "avg": 0,
        "min": 0,
        "med": 0,
        "max": 0,
        "p(90)": 0,
        "p(95)": 0
      }
    },
    "vus_max": {
      "type": "gauge",
      "contains": "default",
      "values": {
        "value": 8,
        "min": 8,
        "max": 8
      }
    },
    "data_received": {
      "type": "counter",
      "contains": "data",
      "values": {
        "count": 73793,
        "rate": 819.874837100526
      }
    }
  },
  "root_group": {
    "groups": [],
    "checks": [
        {
          "passes": 13,
          "fails": 2,
          "name": "is status 200",
          "path": "::is status 200",
          "id": "548d37ca5f33793206f7832e7cea54fb"
        }
      ],
    "name": "",
    "path": "",
    "id": "d41d8cd98f00b204e9800998ecf8427e"
  },
  "options": {
    "summaryTrendStats": [
      "avg",
      "min",
      "med",
      "max",
      "p(90)",
      "p(95)"
    ],
    "summaryTimeUnit": "",
    "noColor": false
  },
  "state": {
    "isStdErrTTY": true,
    "testRunDurationMs": 90005.2016,
    "isStdOutTTY": true
  }
}