{
  "state": {
    "testRunDurationMs": 310854.4982,
    "isStdOutTTY": true,
    "isStdErrTTY": true
  },
  "metrics": {
    "http_req_sending": {
      "type": "trend",
      "contains": "time",
      "values": {
        "med": 0,
        "max": 1.0635,
        "p(90)": 0.03912999999999937,
        "p(95)": 0.509,
        "avg": 0.06252269736842105,
        "min": 0
      }
    },
    "data_received": {
      "contains": "data",
      "values": {
        "count": 424553,
        "rate": 1365.761159829985
      },
      "type": "counter"
    },
    "http_req_duration{expected_response:true}": {
      "values": {
        "avg": 32042.71338355262,
        "min": 25586.3738,
        "med": 32061.0669,
        "max": 37541.0391,
        "p(90)": 35466.06411,
        "p(95)": 36315.14332999999
      },
      "type": "trend",
      "contains": "time"
    },
    "http_req_failed": {
      "type": "rate",
      "contains": "default",
      "values": {
        "passes": 0,
        "fails": 304,
        "rate": 0
      }
    },
    "iteration_duration": {
      "type": "trend",
      "contains": "time",
      "values": {
        "p(90)": 80474.3018,
        "p(95)": 81327.862105,
        "avg": 77052.41542302626,
        "min": 70591.785,
        "med": 77068.2384,
        "max": 82553.304
      }
    },
    "checks": {
      "type": "rate",
      "contains": "default",
      "values": {
        "rate": 1,
        "passes": 608,
        "fails": 0
      }
    },
    "http_req_waiting": {
      "type": "trend",
      "contains": "time",
      "values": {
        "p(90)": 35466.06411,
        "p(95)": 36314.287379999994,
        "avg": 32042.59022960527,
        "min": 25586.3738,
        "med": 32060.5634,
        "max": 37541.0391
      }
    },
    "http_reqs": {
      "values": {
        "count": 304,
        "rate": 0.9779494965017688
      },
      "type": "counter",
      "contains": "default"
    },
    "vus": {
      "contains": "default",
      "values": {
        "value": 8,
        "min": 8,
        "max": 76
      },
      "type": "gauge"
    },
    "http_req_duration": {
      "contains": "time",
      "values": {
        "med": 32061.0669,
        "max": 37541.0391,
        "p(90)": 35466.06411,
        "p(95)": 36315.14332999999,
        "avg": 32042.71338355262,
        "min": 25586.3738
      },
      "type": "trend"
    },
    "http_req_blocked": {
      "type": "trend",
      "contains": "time",
      "values": {
        "avg": 1.859763815789473,
        "min": 0,
        "med": 0.5169,
        "max": 12.009,
        "p(90)": 7.434019999999998,
        "p(95)": 8.0292
      }
    },
    "iterations": {
      "type": "counter",
      "contains": "default",
      "values": {
        "count": 304,
        "rate": 0.9779494965017688
      }
    },
    "http_req_receiving": {
      "type": "trend",
      "contains": "time",
      "values": {
        "med": 0,
        "max": 2.1274,
        "p(90)": 0,
        "p(95)": 0.5151749999999999,
        "avg": 0.060631250000000005,
        "min": 0
      }
    },
    "http_req_connecting": {
      "values": {
        "med": 0.5131,
        "max": 9.288,
        "p(90)": 6.9921,
        "p(95)": 7.5216,
        "avg": 1.7523003289473669,
        "min": 0
      },
      "type": "trend",
      "contains": "time"
    },
    "http_req_tls_handshaking": {
      "type": "trend",
      "contains": "time",
      "values": {
        "min": 0,
        "med": 0,
        "max": 0,
        "p(90)": 0,
        "p(95)": 0,
        "avg": 0
      }
    },
    "vus_max": {
      "type": "gauge",
      "contains": "default",
      "values": {
        "min": 76,
        "max": 76,
        "value": 76
      }
    },
    "data_sent": {
      "type": "counter",
      "contains": "data",
      "values": {
        "count": 1047609,
        "rate": 3370.0943884234257
      }
    }
  },
  "root_group": {
    "id": "d41d8cd98f00b204e9800998ecf8427e",
    "groups": [],
    "checks": [
        {
          "path": "::is status 200",
          "id": "548d37ca5f33793206f7832e7cea54fb",
          "passes": 608,
          "fails": 0,
          "name": "is status 200"
        }
      ],
    "name": "",
    "path": ""
  },
  "options": {
    "summaryTrendStats": [
      "avg",
      "min",
      "med",
      "max",
      "p(90)",
      "p(95)"
    ],
    "summaryTimeUnit": "",
    "noColor": false
  }
}