{
  "metrics": {
    "http_req_waiting": {
      "contains": "time",
      "values": {
        "p(90)": 4167.858050000001,
        "p(95)": 4467.742044999999,
        "avg": 3456.7936794117663,
        "min": 2489.0567,
        "med": 3414.26555,
        "max": 4723.4806
      },
      "type": "trend"
    },
    "http_reqs": {
      "type": "counter",
      "contains": "default",
      "values": {
        "count": 68,
        "rate": 0.21639631746993931
      }
    },
    "http_req_sending": {
      "type": "trend",
      "contains": "time",
      "values": {
        "max": 0.51,
        "p(90)": 0,
        "p(95)": 0,
        "avg": 0.0075,
        "min": 0,
        "med": 0
      }
    },
    "http_req_failed": {
      "type": "rate",
      "contains": "default",
      "values": {
        "rate": 0,
        "passes": 0,
        "fails": 68
      }
    },
    "http_req_receiving": {
      "type": "trend",
      "contains": "time",
      "values": {
        "avg": 0,
        "min": 0,
        "med": 0,
        "max": 0,
        "p(90)": 0,
        "p(95)": 0
      }
    },
    "http_req_duration": {
      "contains": "time",
      "values": {
        "med": 3414.26555,
        "max": 4723.4806,
        "p(90)": 4167.858050000001,
        "p(95)": 4467.742044999999,
        "avg": 3456.8011794117665,
        "min": 2489.0567
      },
      "type": "trend"
    },
    "http_req_duration{expected_response:true}": {
      "values": {
        "min": 2489.0567,
        "med": 3414.26555,
        "max": 4723.4806,
        "p(90)": 4167.858050000001,
        "p(95)": 4467.742044999999,
        "avg": 3456.8011794117665
      },
      "type": "trend",
      "contains": "time"
    },
    "http_req_blocked": {
      "type": "trend",
      "contains": "time",
      "values": {
        "med": 0.50695,
        "max": 0.6114,
        "p(90)": 0.5735800000000001,
        "p(95)": 0.578,
        "avg": 0.5134338235294118,
        "min": 0
      }
    },
    "http_req_connecting": {
      "type": "trend",
      "contains": "time",
      "values": {
        "max": 0.6114,
        "p(90)": 0.5735800000000001,
        "p(95)": 0.578,
        "avg": 0.5059338235294119,
        "min": 0,
        "med": 0.5069
      }
    },
    "vus_max": {
      "type": "gauge",
      "contains": "default",
      "values": {
        "value": 4,
        "min": 4,
        "max": 4
      }
    },
    "checks": {
      "type": "rate",
      "contains": "default",
      "values": {
        "rate": 1,
        "passes": 136,
        "fails": 0
      }
    },
    "http_req_tls_handshaking": {
      "type": "trend",
      "contains": "time",
      "values": {
        "avg": 0,
        "min": 0,
        "med": 0,
        "max": 0,
        "p(90)": 0,
        "p(95)": 0
      }
    },
    "iteration_duration": {
      "type": "trend",
      "contains": "time",
      "values": {
        "avg": 18465.12451029412,
        "min": 17495.7753,
        "med": 18415.80315,
        "max": 19734.2893,
        "p(90)": 19172.367290000002,
        "p(95)": 19477.95623
      }
    },
    "data_received": {
      "type": "counter",
      "contains": "data",
      "values": {
        "count": 96743,
        "rate": 307.8651314852109
      }
    },
    "data_sent": {
      "contains": "data",
      "values": {
        "count": 233990,
        "rate": 744.6260930116339
      },
      "type": "counter"
    },
    "vus": {
      "type": "gauge",
      "contains": "default",
      "values": {
        "value": 2,
        "min": 2,
        "max": 4
      }
    },
    "iterations": {
      "type": "counter",
      "contains": "default",
      "values": {
        "count": 68,
        "rate": 0.21639631746993931
      }
    }
  },
  "root_group": {
    "name": "",
    "path": "",
    "id": "d41d8cd98f00b204e9800998ecf8427e",
    "groups": [],
    "checks": [
        {
          "name": "is status 200",
          "path": "::is status 200",
          "id": "548d37ca5f33793206f7832e7cea54fb",
          "passes": 136,
          "fails": 0
        }
      ]
  },
  "options": {
    "summaryTrendStats": [
      "avg",
      "min",
      "med",
      "max",
      "p(90)",
      "p(95)"
    ],
    "summaryTimeUnit": "",
    "noColor": false
  },
  "state": {
    "isStdOutTTY": true,
    "isStdErrTTY": true,
    "testRunDurationMs": 314238.2495
  }
}