{
  "metrics": {
    "http_req_tls_handshaking": {
      "type": "trend",
      "contains": "time",
      "values": {
        "p(90)": 0,
        "p(95)": 0,
        "avg": 0,
        "min": 0,
        "med": 0,
        "max": 0
      }
    },
    "data_sent": {
      "type": "counter",
      "contains": "data",
      "values": {
        "count": 284418,
        "rate": 861.8577850092564
      }
    },
    "http_req_blocked": {
      "contains": "time",
      "values": {
        "p(90)": 1.8486000000000002,
        "p(95)": 2.0149,
        "avg": 1.296696428571428,
        "min": 0.5118,
        "med": 1.2062,
        "max": 2.6049
      },
      "type": "trend"
    },
    "http_req_waiting": {
      "type": "trend",
      "contains": "time",
      "values": {
        "avg": 10605.614855952384,
        "min": 8068.5001,
        "med": 10537.64585,
        "max": 13250.1465,
        "p(90)": 11965.959299999999,
        "p(95)": 12379.37129
      }
    },
    "http_req_receiving": {
      "type": "trend",
      "contains": "time",
      "values": {
        "min": 0,
        "med": 0,
        "max": 0.7882,
        "p(90)": 0.51421,
        "p(95)": 0.52387,
        "avg": 0.08824404761904762
      }
    },
    "iteration_duration": {
      "type": "trend",
      "contains": "time",
      "values": {
        "p(95)": 57435.363385,
        "avg": 55717.09228285714,
        "min": 53071.17,
        "med": 55647.43075,
        "max": 58257.0715,
        "p(90)": 57076.27668
      }
    },
    "http_req_sending": {
      "values": {
        "avg": 0.12242738095238097,
        "min": 0,
        "med": 0,
        "max": 0.6603,
        "p(90)": 0.57659,
        "p(95)": 0.59
      },
      "type": "trend",
      "contains": "time"
    },
    "vus_max": {
      "type": "gauge",
      "contains": "default",
      "values": {
        "value": 14,
        "min": 14,
        "max": 14
      }
    },
    "http_reqs": {
      "type": "counter",
      "contains": "default",
      "values": {
        "count": 84,
        "rate": 0.25454104149799783
      }
    },
    "http_req_duration": {
      "type": "trend",
      "contains": "time",
      "values": {
        "avg": 10605.825527380957,
        "min": 8068.5709,
        "med": 10537.7024,
        "max": 13250.671,
        "p(90)": 11966.33757,
        "p(95)": 12379.37129
      }
    },
    "http_req_connecting": {
      "values": {
        "p(95)": 1.65459,
        "avg": 1.0364154761904756,
        "min": 0,
        "med": 1.1133,
        "max": 2.06,
        "p(90)": 1.47
      },
      "type": "trend",
      "contains": "time"
    },
    "iterations": {
      "type": "counter",
      "contains": "default",
      "values": {
        "count": 70,
        "rate": 0.21211753458166485
      }
    },
    "http_req_failed": {
      "type": "rate",
      "contains": "default",
      "values": {
        "rate": 0,
        "passes": 0,
        "fails": 84
      }
    },
    "checks": {
      "type": "rate",
      "contains": "default",
      "values": {
        "fails": 0,
        "rate": 1,
        "passes": 168
      }
    },
    "http_req_duration{expected_response:true}": {
      "type": "trend",
      "contains": "time",
      "values": {
        "max": 13250.671,
        "p(90)": 11966.33757,
        "p(95)": 12379.37129,
        "avg": 10605.825527380957,
        "min": 8068.5709,
        "med": 10537.7024
      }
    },
    "data_received": {
      "type": "counter",
      "contains": "data",
      "values": {
        "count": 113179,
        "rate": 342.9607206631178
      }
    },
    "vus": {
      "type": "gauge",
      "contains": "default",
      "values": {
        "value": 14,
        "min": 14,
        "max": 14
      }
    }
  },
  "root_group": {
    "path": "",
    "id": "d41d8cd98f00b204e9800998ecf8427e",
    "groups": [],
    "checks": [
        {
          "name": "is status 200",
          "path": "::is status 200",
          "id": "548d37ca5f33793206f7832e7cea54fb",
          "passes": 168,
          "fails": 0
        }
      ],
    "name": ""
  },
  "options": {
    "summaryTimeUnit": "",
    "noColor": false,
    "summaryTrendStats": [
      "avg",
      "min",
      "med",
      "max",
      "p(90)",
      "p(95)"
    ]
  },
  "state": {
    "isStdOutTTY": true,
    "isStdErrTTY": true,
    "testRunDurationMs": 330005.7213
  }
}