{
  "metrics": {
    "data_received": {
      "type": "counter",
      "contains": "data",
      "values": {
        "count": 101783,
        "rate": 308.42140247195334
      }
    },
    "vus": {
      "type": "gauge",
      "contains": "default",
      "values": {
        "value": 12,
        "min": 12,
        "max": 12
      }
    },
    "http_req_duration": {
      "type": "trend",
      "contains": "time",
      "values": {
        "max": 12653.9857,
        "p(90)": 11951.447479999999,
        "p(95)": 12429.342915,
        "avg": 10302.432145833334,
        "min": 7456.3763,
        "med": 10350.793099999999
      }
    },
    "http_req_duration{expected_response:true}": {
      "values": {
        "avg": 10302.432145833334,
        "min": 7456.3763,
        "med": 10350.793099999999,
        "max": 12653.9857,
        "p(90)": 11951.447479999999,
        "p(95)": 12429.342915
      },
      "type": "trend",
      "contains": "time"
    },
    "http_req_tls_handshaking": {
      "type": "trend",
      "contains": "time",
      "values": {
        "min": 0,
        "med": 0,
        "max": 0,
        "p(90)": 0,
        "p(95)": 0,
        "avg": 0
      }
    },
    "http_req_receiving": {
      "type": "trend",
      "contains": "time",
      "values": {
        "max": 0.6364,
        "p(90)": 0.56363,
        "p(95)": 0.595675,
        "avg": 0.14818055555555557,
        "min": 0,
        "med": 0
      }
    },
    "iterations": {
      "type": "counter",
      "contains": "default",
      "values": {
        "count": 60,
        "rate": 0.18181114870181858
      }
    },
    "vus_max": {
      "type": "gauge",
      "contains": "default",
      "values": {
        "value": 12,
        "min": 12,
        "max": 12
      }
    },
    "checks": {
      "type": "rate",
      "contains": "default",
      "values": {
        "rate": 1,
        "passes": 144,
        "fails": 0
      }
    },
    "iteration_duration": {
      "type": "trend",
      "contains": "time",
      "values": {
        "med": 55388.16955,
        "max": 57670.7937,
        "p(90)": 56942.53107,
        "p(95)": 57434.74275,
        "avg": 55332.03263,
        "min": 52467.274
      }
    },
    "http_req_waiting": {
      "type": "trend",
      "contains": "time",
      "values": {
        "avg": 10302.145555555551,
        "min": 7456.3763,
        "med": 10350.793099999999,
        "max": 12653.4453,
        "p(90)": 11951.396299999999,
        "p(95)": 12429.342915
      }
    },
    "http_req_failed": {
      "type": "rate",
      "contains": "default",
      "values": {
        "fails": 72,
        "rate": 0,
        "passes": 0
      }
    },
    "http_req_connecting": {
      "type": "trend",
      "contains": "time",
      "values": {
        "med": 1.0588,
        "max": 1.626,
        "p(90)": 1.2584499999999998,
        "p(95)": 1.62435,
        "avg": 0.9098791666666668,
        "min": 0
      }
    },
    "data_sent": {
      "contains": "data",
      "values": {
        "rate": 760.376646472369,
        "count": 250934
      },
      "type": "counter"
    },
    "http_req_blocked": {
      "type": "trend",
      "contains": "time",
      "values": {
        "avg": 1.1648249999999996,
        "min": 0.5106,
        "med": 1.09165,
        "max": 1.8802,
        "p(90)": 1.6710899999999997,
        "p(95)": 1.7394100000000001
      }
    },
    "http_req_sending": {
      "type": "trend",
      "contains": "time",
      "values": {
        "max": 0.6172,
        "p(90)": 0.54771,
        "p(95)": 0.5898100000000001,
        "avg": 0.13840972222222223,
        "min": 0,
        "med": 0
      }
    },
    "http_reqs": {
      "type": "counter",
      "contains": "default",
      "values": {
        "count": 72,
        "rate": 0.2181733784421823
      }
    }
  },
  "root_group": {
    "checks": [
      {
        "name": "is status 200",
        "path": "::is status 200",
        "id": "548d37ca5f33793206f7832e7cea54fb",
        "passes": 144,
        "fails": 0
      }
    ],
    "name": "",
    "path": "",
    "id": "d41d8cd98f00b204e9800998ecf8427e",
    "groups": []
  },
  "options": {
    "summaryTrendStats": [
      "avg",
      "min",
      "med",
      "max",
      "p(90)",
      "p(95)"
    ],
    "summaryTimeUnit": "",
    "noColor": false
  },
  "state": {
    "isStdOutTTY": true,
    "isStdErrTTY": true,
    "testRunDurationMs": 330012.7656
  }
}