{
  "state": {
    "isStdOutTTY": true,
    "isStdErrTTY": true,
    "testRunDurationMs": 310723.0345
  },
  "metrics": {
    "iteration_duration": {
      "type": "trend",
      "contains": "time",
      "values": {
        "p(90)": 19516.47152,
        "p(95)": 19540.272579999997,
        "avg": 18277.66836470588,
        "min": 17573.9819,
        "med": 17845.4998,
        "max": 19562.7261
      }
    },
    "http_req_blocked": {
      "type": "trend",
      "contains": "time",
      "values": {
        "med": 1.0509,
        "max": 1.1253,
        "p(90)": 1.09956,
        "p(95)": 1.1207399999999998,
        "avg": 1.0006764705882352,
        "min": 0.51
      }
    },
    "vus_max": {
      "values": {
        "value": 1,
        "min": 1,
        "max": 1
      },
      "type": "gauge",
      "contains": "default"
    },
    "data_received": {
      "type": "counter",
      "contains": "data",
      "values": {
        "count": 24662,
        "rate": 79.36971920889245
      }
    },
    "iterations": {
      "type": "counter",
      "contains": "default",
      "values": {
        "rate": 0.054711103176999905,
        "count": 17
      }
    },
    "data_sent": {
      "type": "counter",
      "contains": "data",
      "values": {
        "rate": 188.45078574308272,
        "count": 58556
      }
    },
    "http_req_duration{expected_response:true}": {
      "type": "trend",
      "contains": "time",
      "values": {
        "avg": 3268.6151999999997,
        "min": 2569.0234,
        "med": 2836.4759,
        "max": 4553.6573,
        "p(90)": 4511.13028,
        "p(95)": 4530.95538
      }
    },
    "http_req_connecting": {
      "type": "trend",
      "contains": "time",
      "values": {
        "p(90)": 1.07048,
        "p(95)": 1.09402,
        "avg": 0.8774176470588234,
        "min": 0.51,
        "med": 1.0453,
        "max": 1.1253
      }
    },
    "vus": {
      "type": "gauge",
      "contains": "default",
      "values": {
        "max": 1,
        "value": 1,
        "min": 1
      }
    },
    "http_req_receiving": {
      "type": "trend",
      "contains": "time",
      "values": {
        "min": 0,
        "med": 0,
        "max": 0.5368,
        "p(90)": 0,
        "p(95)": 0.10735999999999964,
        "avg": 0.031576470588235296
      }
    },
    "http_req_duration": {
      "type": "trend",
      "contains": "time",
      "values": {
        "min": 2569.0234,
        "med": 2836.4759,
        "max": 4553.6573,
        "p(90)": 4511.13028,
        "p(95)": 4530.95538,
        "avg": 3268.6151999999997
      }
    },
    "http_req_sending": {
      "contains": "time",
      "values": {
        "min": 0,
        "med": 0,
        "max": 0.5534,
        "p(90)": 0.2131600000000002,
        "p(95)": 0.537,
        "avg": 0.0639
      },
      "type": "trend"
    },
    "http_req_tls_handshaking": {
      "contains": "time",
      "values": {
        "max": 0,
        "p(90)": 0,
        "p(95)": 0,
        "avg": 0,
        "min": 0,
        "med": 0
      },
      "type": "trend"
    },
    "checks": {
      "type": "rate",
      "contains": "default",
      "values": {
        "rate": 1,
        "passes": 34,
        "fails": 0
      }
    },
    "http_req_waiting": {
      "type": "trend",
      "contains": "time",
      "values": {
        "max": 4553.1039,
        "p(90)": 4510.81054,
        "p(95)": 4530.844700000001,
        "avg": 3268.519723529412,
        "min": 2569.0234,
        "med": 2835.9391
      }
    },
    "http_reqs": {
      "type": "counter",
      "contains": "default",
      "values": {
        "rate": 0.054711103176999905,
        "count": 17
      }
    },
    "http_req_failed": {
      "type": "rate",
      "contains": "default",
      "values": {
        "rate": 0,
        "passes": 0,
        "fails": 17
      }
    }
  },
  "root_group": {
    "id": "d41d8cd98f00b204e9800998ecf8427e",
    "groups": [],
    "checks": [
        {
          "name": "is status 200",
          "path": "::is status 200",
          "id": "548d37ca5f33793206f7832e7cea54fb",
          "passes": 34,
          "fails": 0
        }
      ],
    "name": "",
    "path": ""
  },
  "options": {
    "summaryTrendStats": [
      "avg",
      "min",
      "med",
      "max",
      "p(90)",
      "p(95)"
    ],
    "summaryTimeUnit": "",
    "noColor": false
  }
}