{
  "metrics": {
    "http_req_receiving": {
      "type": "trend",
      "contains": "time",
      "values": {
        "p(90)": 0.8626900000000003,
        "p(95)": 0.9274249999999999,
        "avg": 0.3861633333333333,
        "min": 0,
        "med": 0.20505,
        "max": 1.3665
      }
    },
    "http_req_duration{expected_response:true}": {
      "type": "trend",
      "contains": "time",
      "values": {
        "avg": 37935.97865999998,
        "min": 14603.2705,
        "med": 44248.2983,
        "max": 52915.3615,
        "p(90)": 48504.778170000005,
        "p(95)": 50900.779515
      }
    },
    "http_req_sending": {
      "type": "trend",
      "contains": "time",
      "values": {
        "avg": 0,
        "min": 0,
        "med": 0,
        "max": 0,
        "p(90)": 0,
        "p(95)": 0
      }
    },
    "vus": {
      "type": "gauge",
      "contains": "default",
      "values": {
        "value": 18,
        "min": 18,
        "max": 64
      }
    },
    "iteration_duration": {
      "type": "trend",
      "contains": "time",
      "values": {
        "avg": 57682.92386805554,
        "min": 29631.7582,
        "med": 60190.07595,
        "max": 67947.8501,
        "p(90)": 64588.3004,
        "p(95)": 66000.702955
      }
    },
    "http_req_tls_handshaking": {
      "type": "trend",
      "contains": "time",
      "values": {
        "avg": 0,
        "min": 0,
        "med": 0,
        "max": 0,
        "p(90)": 0,
        "p(95)": 0
      }
    },
    "iterations": {
      "type": "counter",
      "contains": "default",
      "values": {
        "count": 72,
        "rate": 0.7998610445843968
      }
    },
    "http_reqs": {
      "type": "counter",
      "contains": "default",
      "values": {
        "count": 90,
        "rate": 0.9998263057304959
      }
    },
    "http_req_connecting": {
      "contains": "time",
      "values": {
        "p(95)": 37.410085,
        "avg": 28.806786666666675,
        "min": 19.7869,
        "med": 28.39045,
        "max": 38.8884,
        "p(90)": 35.9562
      },
      "type": "trend"
    },
    "http_req_waiting": {
      "type": "trend",
      "contains": "time",
      "values": {
        "p(95)": 50900.12953,
        "avg": 37935.59249666665,
        "min": 14602.9219,
        "med": 44247.77085,
        "max": 52915.1642,
        "p(90)": 48504.621730000006
      }
    },
    "data_sent": {
      "type": "counter",
      "contains": "data",
      "values": {
        "count": 154490,
        "rate": 1716.2573996922702
      }
    },
    "http_req_failed": {
      "values": {
        "rate": 0,
        "passes": 0,
        "fails": 90
      },
      "type": "rate",
      "contains": "default"
    },
    "http_req_blocked": {
      "type": "trend",
      "contains": "time",
      "values": {
        "min": 19.7869,
        "med": 28.418,
        "max": 38.8884,
        "p(90)": 36.35419,
        "p(95)": 37.410085,
        "avg": 28.864826666666673
      }
    },
    "data_received": {
      "type": "counter",
      "contains": "data",
      "values": {
        "count": 182139,
        "rate": 2023.4151499938534
      }
    },
    "vus_max": {
      "contains": "default",
      "values": {
        "value": 64,
        "min": 64,
        "max": 64
      },
      "type": "gauge"
    },
    "http_req_duration": {
      "type": "trend",
      "contains": "time",
      "values": {
        "max": 52915.3615,
        "p(90)": 48504.778170000005,
        "p(95)": 50900.779515,
        "avg": 37935.97865999998,
        "min": 14603.2705,
        "med": 44248.2983
      }
    },
    "checks": {
      "type": "rate",
      "contains": "default",
      "values": {
        "fails": 0,
        "rate": 1,
        "passes": 180
      }
    }
  },
  "root_group": {
    "checks": [
      {
        "name": "is status 200",
        "path": "::is status 200",
        "id": "548d37ca5f33793206f7832e7cea54fb",
        "passes": 180,
        "fails": 0
      }
    ],
    "name": "",
    "path": "",
    "id": "d41d8cd98f00b204e9800998ecf8427e",
    "groups": []
  },
  "options": {
    "summaryTrendStats": [
      "avg",
      "min",
      "med",
      "max",
      "p(90)",
      "p(95)"
    ],
    "summaryTimeUnit": "",
    "noColor": false
  },
  "state": {
    "isStdOutTTY": true,
    "isStdErrTTY": true,
    "testRunDurationMs": 90015.6352
  }
}