{
  "state": {
    "isStdOutTTY": true,
    "isStdErrTTY": true,
    "testRunDurationMs": 90018.5987
  },
  "metrics": {
    "data_sent": {
      "type": "counter",
      "contains": "data",
      "values": {
        "rate": 3685.4495047810606,
        "count": 331759
      }
    },
    "http_req_failed": {
      "type": "rate",
      "contains": "default",
      "values": {
        "passes": 0,
        "fails": 96,
        "rate": 0
      }
    },
    "http_reqs": {
      "type": "counter",
      "contains": "default",
      "values": {
        "count": 96,
        "rate": 1.0664462831723684
      }
    },
    "vus": {
      "type": "gauge",
      "contains": "default",
      "values": {
        "value": 32,
        "min": 32,
        "max": 48
      }
    },
    "http_req_sending": {
      "contains": "time",
      "values": {
        "avg": 0.014163541666666668,
        "min": 0,
        "med": 0,
        "max": 0.8317,
        "p(90)": 0,
        "p(95)": 0
      },
      "type": "trend"
    },
    "iteration_duration": {
      "type": "trend",
      "contains": "time",
      "values": {
        "avg": 45411.637672727265,
        "min": 37593.0721,
        "med": 46032.1238,
        "max": 50442.3254,
        "p(90)": 49309.0749,
        "p(95)": 50226.470575
      }
    },
    "http_req_duration": {
      "type": "trend",
      "contains": "time",
      "values": {
        "max": 35400.6642,
        "p(90)": 33694.51445,
        "p(95)": 35167.6216,
        "avg": 30433.95278125,
        "min": 22557.4434,
        "med": 30849.1155
      }
    },
    "checks": {
      "type": "rate",
      "contains": "default",
      "values": {
        "fails": 0,
        "rate": 1,
        "passes": 96
      }
    },
    "http_req_connecting": {
      "type": "trend",
      "contains": "time",
      "values": {
        "avg": 26.59708125,
        "min": 19.4862,
        "med": 25.5417,
        "max": 36.8343,
        "p(90)": 35.138549999999995,
        "p(95)": 35.7363
      }
    },
    "http_req_waiting": {
      "type": "trend",
      "contains": "time",
      "values": {
        "avg": 30433.55010312499,
        "min": 22556.625,
        "med": 30848.95635,
        "max": 35399.9744,
        "p(90)": 33693.79665,
        "p(95)": 35167.27105
      }
    },
    "http_req_blocked": {
      "type": "trend",
      "contains": "time",
      "values": {
        "p(95)": 35.7363,
        "avg": 26.618419791666664,
        "min": 19.4862,
        "med": 25.5417,
        "max": 36.8343,
        "p(90)": 35.138549999999995
      }
    },
    "vus_max": {
      "type": "gauge",
      "contains": "default",
      "values": {
        "value": 48,
        "min": 48,
        "max": 48
      }
    },
    "data_received": {
      "type": "counter",
      "contains": "data",
      "values": {
        "count": 134136,
        "rate": 1490.0920691625918
      }
    },
    "http_req_duration{expected_response:true}": {
      "values": {
        "avg": 30433.95278125,
        "min": 22557.4434,
        "med": 30849.1155,
        "max": 35400.6642,
        "p(90)": 33694.51445,
        "p(95)": 35167.6216
      },
      "type": "trend",
      "contains": "time"
    },
    "http_req_tls_handshaking": {
      "type": "trend",
      "contains": "time",
      "values": {
        "med": 0,
        "max": 0,
        "p(90)": 0,
        "p(95)": 0,
        "avg": 0,
        "min": 0
      }
    },
    "iterations": {
      "type": "counter",
      "contains": "default",
      "values": {
        "count": 66,
        "rate": 0.7331818196810034
      }
    },
    "http_req_receiving": {
      "type": "trend",
      "contains": "time",
      "values": {
        "med": 0.29585,
        "max": 1.5128,
        "p(90)": 0.91605,
        "p(95)": 1.0011,
        "avg": 0.3885145833333334,
        "min": 0
      }
    }
  },
  "root_group": {
    "name": "",
    "path": "",
    "id": "d41d8cd98f00b204e9800998ecf8427e",
    "groups": [],
    "checks": [
        {
          "id": "548d37ca5f33793206f7832e7cea54fb",
          "passes": 96,
          "fails": 0,
          "name": "is status 200",
          "path": "::is status 200"
        }
      ]
  },
  "options": {
    "summaryTrendStats": [
      "avg",
      "min",
      "med",
      "max",
      "p(90)",
      "p(95)"
    ],
    "summaryTimeUnit": "",
    "noColor": false
  }
}