{
  "metrics": {
    "http_req_duration{expected_response:true}": {
      "type": "trend",
      "contains": "time",
      "values": {
        "min": 27076.0713,
        "med": 39314.7434,
        "max": 45104.7499,
        "p(90)": 43456.82684000001,
        "p(95)": 44721.71958,
        "avg": 38401.25988505747
      }
    },
    "http_req_failed": {
      "type": "rate",
      "contains": "default",
      "values": {
        "rate": 0,
        "passes": 0,
        "fails": 87
      }
    },
    "http_req_waiting": {
      "type": "trend",
      "contains": "time",
      "values": {
        "avg": 38400.85175862069,
        "min": 27075.413,
        "med": 39314.5091,
        "max": 45104.0065,
        "p(90)": 43456.59076000001,
        "p(95)": 44721.55579
      }
    },
    "http_req_connecting": {
      "type": "trend",
      "contains": "time",
      "values": {
        "max": 41.7168,
        "p(90)": 37.3119,
        "p(95)": 37.6646,
        "avg": 29.532364367816097,
        "min": 19.8693,
        "med": 28.9522
      }
    },
    "http_req_tls_handshaking": {
      "type": "trend",
      "contains": "time",
      "values": {
        "avg": 0,
        "min": 0,
        "med": 0,
        "max": 0,
        "p(90)": 0,
        "p(95)": 0
      }
    },
    "checks": {
      "type": "rate",
      "contains": "default",
      "values": {
        "rate": 1,
        "passes": 87,
        "fails": 0
      }
    },
    "http_req_duration": {
      "contains": "time",
      "values": {
        "avg": 38401.25988505747,
        "min": 27076.0713,
        "med": 39314.7434,
        "max": 45104.7499,
        "p(90)": 43456.82684000001,
        "p(95)": 44721.71958
      },
      "type": "trend"
    },
    "iteration_duration": {
      "type": "trend",
      "contains": "time",
      "values": {
        "p(90)": 59440.154330000005,
        "p(95)": 59898.70714,
        "avg": 55501.760634374994,
        "min": 50441.5781,
        "med": 56083.2581,
        "max": 60138.2195
      }
    },
    "data_sent": {
      "contains": "data",
      "values": {
        "count": 435559,
        "rate": 4839.262826232751
      },
      "type": "counter"
    },
    "vus": {
      "type": "gauge",
      "contains": "default",
      "values": {
        "value": 61,
        "min": 61,
        "max": 64
      }
    },
    "iterations": {
      "type": "counter",
      "contains": "default",
      "values": {
        "count": 64,
        "rate": 0.7110697308031657
      }
    },
    "http_req_sending": {
      "type": "trend",
      "contains": "time",
      "values": {
        "avg": 0.004673563218390805,
        "min": 0,
        "med": 0,
        "max": 0.4066,
        "p(90)": 0,
        "p(95)": 0
      }
    },
    "http_req_receiving": {
      "type": "trend",
      "contains": "time",
      "values": {
        "p(90)": 0.8838,
        "p(95)": 0.9769,
        "avg": 0.40345287356321846,
        "min": 0,
        "med": 0.2606,
        "max": 1.1397
      }
    },
    "data_received": {
      "type": "counter",
      "contains": "data",
      "values": {
        "count": 119191,
        "rate": 1324.2673794400018
      }
    },
    "vus_max": {
      "contains": "default",
      "values": {
        "value": 64,
        "min": 64,
        "max": 64
      },
      "type": "gauge"
    },
    "http_reqs": {
      "values": {
        "rate": 0.9666104153105534,
        "count": 87
      },
      "type": "counter",
      "contains": "default"
    },
    "http_req_blocked": {
      "type": "trend",
      "contains": "time",
      "values": {
        "min": 19.8693,
        "med": 29.4808,
        "max": 41.7168,
        "p(90)": 37.3119,
        "p(95)": 37.6646,
        "avg": 29.580745977011492
      }
    }
  },
  "root_group": {
    "name": "",
    "path": "",
    "id": "d41d8cd98f00b204e9800998ecf8427e",
    "groups": [],
    "checks": [
        {
          "passes": 87,
          "fails": 0,
          "name": "is status 200",
          "path": "::is status 200",
          "id": "548d37ca5f33793206f7832e7cea54fb"
        }
      ]
  },
  "options": {
    "summaryTrendStats": [
      "avg",
      "min",
      "med",
      "max",
      "p(90)",
      "p(95)"
    ],
    "summaryTimeUnit": "",
    "noColor": false
  },
  "state": {
    "isStdOutTTY": true,
    "isStdErrTTY": true,
    "testRunDurationMs": 90005.2375
  }
}