{
  "state": {
    "isStdOutTTY": true,
    "isStdErrTTY": true,
    "testRunDurationMs": 319516.0001
  },
  "metrics": {
    "http_req_duration{expected_response:true}": {
      "type": "trend",
      "contains": "time",
      "values": {
        "p(95)": 6869.540505,
        "avg": 5434.838588888891,
        "min": 3872.1815,
        "med": 5383.9536499999995,
        "max": 7279.8822,
        "p(90)": 6603.646059999999
      }
    },
    "http_req_sending": {
      "type": "trend",
      "contains": "time",
      "values": {
        "avg": 0.07585740740740743,
        "min": 0,
        "med": 0,
        "max": 1.0087,
        "p(90)": 0.50808,
        "p(95)": 0.5313099999999998
      }
    },
    "data_sent": {
      "type": "counter",
      "contains": "data",
      "values": {
        "count": 373044,
        "rate": 1167.5283863194556
      }
    },
    "data_received": {
      "type": "counter",
      "contains": "data",
      "values": {
        "count": 155466,
        "rate": 486.5671827117994
      }
    },
    "iteration_duration": {
      "type": "trend",
      "contains": "time",
      "values": {
        "avg": 35444.14510925924,
        "min": 33877.817,
        "med": 35390.775,
        "max": 37291.7555,
        "p(90)": 36616.73062,
        "p(95)": 36874.803315
      }
    },
    "http_req_receiving": {
      "type": "trend",
      "contains": "time",
      "values": {
        "p(90)": 0.53894,
        "p(95)": 0.55299,
        "avg": 0.17537037037037034,
        "min": 0,
        "med": 0,
        "max": 0.6966
      }
    },
    "http_req_blocked": {
      "contains": "time",
      "values": {
        "med": 0,
        "max": 4.3826,
        "p(90)": 1.2102,
        "p(95)": 3.8031199999999985,
        "avg": 0.36588796296296294,
        "min": 0
      },
      "type": "trend"
    },
    "http_req_connecting": {
      "type": "trend",
      "contains": "time",
      "values": {
        "avg": 0.33491481481481483,
        "min": 0,
        "med": 0,
        "max": 4.3826,
        "p(90)": 1.2102,
        "p(95)": 3.361
      }
    },
    "http_req_duration": {
      "type": "trend",
      "contains": "time",
      "values": {
        "avg": 5434.838588888891,
        "min": 3872.1815,
        "med": 5383.9536499999995,
        "max": 7279.8822,
        "p(90)": 6603.646059999999,
        "p(95)": 6869.540505
      }
    },
    "vus_max": {
      "type": "gauge",
      "contains": "default",
      "values": {
        "value": 12,
        "min": 12,
        "max": 12
      }
    },
    "http_req_waiting": {
      "type": "trend",
      "contains": "time",
      "values": {
        "avg": 5434.587361111114,
        "min": 3872.1815,
        "med": 5383.65495,
        "max": 7279.8822,
        "p(90)": 6603.291929999999,
        "p(95)": 6869.208745
      }
    },
    "http_req_failed": {
      "type": "rate",
      "contains": "default",
      "values": {
        "rate": 0,
        "passes": 0,
        "fails": 108
      }
    },
    "iterations": {
      "type": "counter",
      "contains": "default",
      "values": {
        "count": 108,
        "rate": 0.33801124189774184
      }
    },
    "vus": {
      "values": {
        "value": 7,
        "min": 7,
        "max": 12
      },
      "type": "gauge",
      "contains": "default"
    },
    "http_reqs": {
      "type": "counter",
      "contains": "default",
      "values": {
        "count": 108,
        "rate": 0.33801124189774184
      }
    },
    "checks": {
      "contains": "default",
      "values": {
        "rate": 1,
        "passes": 216,
        "fails": 0
      },
      "type": "rate"
    },
    "http_req_tls_handshaking": {
      "values": {
        "min": 0,
        "med": 0,
        "max": 0,
        "p(90)": 0,
        "p(95)": 0,
        "avg": 0
      },
      "type": "trend",
      "contains": "time"
    }
  },
  "root_group": {
    "groups": [],
    "checks": [
        {
          "id": "548d37ca5f33793206f7832e7cea54fb",
          "passes": 216,
          "fails": 0,
          "name": "is status 200",
          "path": "::is status 200"
        }
      ],
    "name": "",
    "path": "",
    "id": "d41d8cd98f00b204e9800998ecf8427e"
  },
  "options": {
    "summaryTrendStats": [
      "avg",
      "min",
      "med",
      "max",
      "p(90)",
      "p(95)"
    ],
    "summaryTimeUnit": "",
    "noColor": false
  }
}