Количество пользователей (VUS),Среднее время (ms),Максимальное время (ms),Минимальное время (ms),Процент ошибок (%)
1,2531.6289500000003,3396.0826,1979.2319,0
2,2940.1676,4227.4475,2158.7226,0
4,4864.785315384616,15616.0949,1848.3912,0
8,8005.736758333332,21215.9772,2427.7181,0
12,16509.656537931034,31472.8192,3288.8629,0
24,36008.903215624996,59972.9684,2022.7946,6.25
32,50723.4039625,59979.2405,18690.9765,56.25
